{
    "Model": "XGBoost",
    "Accuracy": 0.9187358916478555,
    "Precision": 0.9185859943070076,
    "Recall": 0.9187358916478555,
    "F1-Score": 0.9175892927238946
}