{
    "murders": {
        "BestModel": "RandomForest",
        "Mean": 7.764785553047404,
        "RMSE": 1.0645615549830014,
        "R2": 0.5377869634463219,
        "MAE": 0.7440664961636827
    },
    "rapes": {
        "BestModel": "RandomForest",
        "Mean": 29.491831111191242,
        "RMSE": 7.069363358324172,
        "R2": 0.7006368547072388,
        "MAE": 4.43865346825836
    },
    "robberies": {
        "BestModel": "RandomForest",
        "Mean": 237.9155980539237,
        "RMSE": 18.3186538437782,
        "R2": 0.7689136025520109,
        "MAE": 11.691913206930368
    },
    "assaults": {
        "BestModel": "RandomForest",
        "Mean": 326.0279478387228,
        "RMSE": 56.94992225280187,
        "R2": 0.5950136715392964,
        "MAE": 36.911860053832385
    },
    "burglaries": {
        "BestModel": "RandomForest",
        "Mean": 761.645189318114,
        "RMSE": 54.656434411880745,
        "R2": 0.9540938676186275,
        "MAE": 26.595489461808057
    },
    "larcenies": {
        "BestModel": "RandomForest",
        "Mean": 2138.107174814047,
        "RMSE": 350.4562520670994,
        "R2": 0.7788087128207313,
        "MAE": 250.06731798245613
    },
    "autoTheft": {
        "BestModel": "RandomForest",
        "Mean": 516.4054063205418,
        "RMSE": 62.927874718757785,
        "R2": 0.695897020250425,
        "MAE": 41.083123717948716
    },
    "arsons": {
        "BestModel": "RandomForest",
        "Mean": 32.83269521356447,
        "RMSE": 6.208478838144383,
        "R2": 0.5159290976498286,
        "MAE": 4.467888627734583
    }
}