{
    "murders": {
        "BestModel": "RandomForest",
        "Mean": 7.764785553047404,
        "RMSE": 1.1006792834020662,
        "R2": 0.505891620825619,
        "MAE": 0.7649360613810743
    },
    "rapes": {
        "BestModel": "RandomForest",
        "Mean": 29.491831111191242,
        "RMSE": 6.785441764323718,
        "R2": 0.7242001795331047,
        "MAE": 4.156958562770951
    },
    "robberies": {
        "BestModel": "RandomForest",
        "Mean": 237.9155980539237,
        "RMSE": 15.9143340915312,
        "R2": 0.8255928794805469,
        "MAE": 9.906997384766264
    },
    "assaults": {
        "BestModel": "RandomForest",
        "Mean": 326.0279478387228,
        "RMSE": 55.42281107626488,
        "R2": 0.61644187156959,
        "MAE": 34.87801921281631
    },
    "burglaries": {
        "BestModel": "RandomForest",
        "Mean": 761.645189318114,
        "RMSE": 93.96986185623236,
        "R2": 0.8643045490608537,
        "MAE": 60.734057323923366
    },
    "larcenies": {
        "BestModel": "RandomForest",
        "Mean": 2138.107174814047,
        "RMSE": 333.45513975907096,
        "R2": 0.7997487556570492,
        "MAE": 230.37226668618266
    },
    "autoTheft": {
        "BestModel": "RandomForest",
        "Mean": 516.4054063205418,
        "RMSE": 54.63145553994511,
        "R2": 0.7707971097593646,
        "MAE": 35.390070512820515
    },
    "arsons": {
        "BestModel": "RandomForest",
        "Mean": 32.83269521356447,
        "RMSE": 6.407273516418262,
        "R2": 0.4844330196732902,
        "MAE": 4.578441905102568
    }
}