{
    "murders": {
        "BestModel": "RandomForest",
        "Mean": 7.764785553047404,
        "RMSE": 1.082368932662917,
        "R2": 0.5221943616845317,
        "MAE": 0.7558312020460357
    },
    "rapes": {
        "BestModel": "RandomForest",
        "Mean": 29.491831111191242,
        "RMSE": 7.164909746101018,
        "R2": 0.6924900502758417,
        "MAE": 4.493944042270358
    },
    "robberies": {
        "BestModel": "RandomForest",
        "Mean": 237.9155980539237,
        "RMSE": 19.124502429573635,
        "R2": 0.7481351515531721,
        "MAE": 12.286310559006209
    },
    "assaults": {
        "BestModel": "RandomForest",
        "Mean": 326.0279478387228,
        "RMSE": 58.52240949470878,
        "R2": 0.572340140608794,
        "MAE": 38.816214770689335
    },
    "burglaries": {
        "BestModel": "RandomForest",
        "Mean": 761.645189318114,
        "RMSE": 118.80009985893415,
        "R2": 0.7831188920598564,
        "MAE": 78.7557251908397
    },
    "larcenies": {
        "BestModel": "RandomForest",
        "Mean": 2138.107174814047,
        "RMSE": 369.3381195973724,
        "R2": 0.7543319609914954,
        "MAE": 267.23186149287153
    },
    "autoTheft": {
        "BestModel": "RandomForest",
        "Mean": 516.4054063205418,
        "RMSE": 64.97822069213125,
        "R2": 0.6757573229971282,
        "MAE": 42.40288418803419
    },
    "arsons": {
        "BestModel": "RandomForest",
        "Mean": 32.83269521356447,
        "RMSE": 6.369862483417826,
        "R2": 0.49043606724791444,
        "MAE": 4.615692177431404
    }
}