{
    "murders": {
        "BestModel": "RandomForest",
        "Mean": 7.764785553047404,
        "RMSE": 1.093869805276268,
        "R2": 0.5119864250919044,
        "MAE": 0.7647314578005114
    },
    "rapes": {
        "BestModel": "XGBoost",
        "Mean": 29.491831111191242,
        "RMSE": 6.649717049330412,
        "R2": 0.7351231174916355,
        "MAE": 4.296052850474132
    },
    "robberies": {
        "BestModel": "RandomForest",
        "Mean": 237.9155980539237,
        "RMSE": 15.79461304094115,
        "R2": 0.8282070843003255,
        "MAE": 9.864702680614581
    },
    "assaults": {
        "BestModel": "RandomForest",
        "Mean": 326.0279478387228,
        "RMSE": 55.46080423889202,
        "R2": 0.6159158217020408,
        "MAE": 34.8432133343359
    },
    "burglaries": {
        "BestModel": "RandomForest",
        "Mean": 761.645189318114,
        "RMSE": 94.3759132201087,
        "R2": 0.8631293133810833,
        "MAE": 61.218017187575015
    },
    "larcenies": {
        "BestModel": "RandomForest",
        "Mean": 2138.107174814047,
        "RMSE": 333.08112658525164,
        "R2": 0.8001977191991092,
        "MAE": 229.34076300382102
    },
    "autoTheft": {
        "BestModel": "RandomForest",
        "Mean": 516.4054063205418,
        "RMSE": 54.85431562485026,
        "R2": 0.7689233042133357,
        "MAE": 35.541969230769226
    },
    "arsons": {
        "BestModel": "RandomForest",
        "Mean": 32.83269521356447,
        "RMSE": 6.364243241882628,
        "R2": 0.49133470512285127,
        "MAE": 4.564962436785219
    }
}