{
    "murders": {
        "BestModel": "XGBoost",
        "Mean": 7.764785553047404,
        "RMSE": 0.3188142325162799,
        "R2": 0.958545084345201,
        "MAE": 0.13237225468195124
    },
    "rapes": {
        "BestModel": "RandomForest",
        "Mean": 29.491831111191242,
        "RMSE": 6.701424295850084,
        "R2": 0.730987812654901,
        "MAE": 4.062210272636856
    },
    "robberies": {
        "BestModel": "XGBoost",
        "Mean": 237.9155980539237,
        "RMSE": 8.00181397131251,
        "R2": 0.9559075561061225,
        "MAE": 3.9095340865063726
    },
    "assaults": {
        "BestModel": "XGBoost",
        "Mean": 326.0279478387228,
        "RMSE": 23.582716989840304,
        "R2": 0.9305548740628757,
        "MAE": 9.807497138995751
    },
    "burglaries": {
        "BestModel": "XGBoost",
        "Mean": 761.645189318114,
        "RMSE": 69.21523139065481,
        "R2": 0.926380737580854,
        "MAE": 35.79961485960943
    },
    "larcenies": {
        "BestModel": "RandomForest",
        "Mean": 2138.107174814047,
        "RMSE": 181.11116883255758,
        "R2": 0.9409267508705923,
        "MAE": 95.82842465795639
    },
    "autoTheft": {
        "BestModel": "XGBoost",
        "Mean": 516.4054063205418,
        "RMSE": 53.77433605149153,
        "R2": 0.7779326753341499,
        "MAE": 33.9024808699453
    },
    "arsons": {
        "BestModel": "RandomForest",
        "Mean": 32.83269521356447,
        "RMSE": 6.29617576184061,
        "R2": 0.5021571733475898,
        "MAE": 4.449973953724525
    }
}